{"cameraMode":{"drawMode":0,"name":"Shaded","section":"Shading Mode"},"sceneLighting":true,"audioPlay":false,"sceneViewState":{"m_AlwaysRefresh":false,"showFog":true,"showSkybox":true,"showFlares":true,"showImageEffects":true,"showParticleSystems":true,"showVisualEffectGraphs":true,"m_FxEnabled":false},"in2DMode":false,"pivot":{"x":-9.800000190734864,"y":0.7138001918792725,"z":-3.200000047683716},"rotation":{"x":0.20070645213127137,"y":0.06307192891836167,"z":-0.013114252127707005,"w":0.977602481842041},"size":1.0957462787628174,"orthographic":false}