{"cameraMode":{"drawMode":0,"name":"Shaded","section":"Shading Mode"},"sceneLighting":true,"audioPlay":false,"sceneViewState":{"m_AlwaysRefresh":false,"showFog":true,"showSkybox":true,"showFlares":true,"showImageEffects":true,"showParticleSystems":true,"showVisualEffectGraphs":true,"m_FxEnabled":true},"in2DMode":false,"pivot":{"x":-1.1997807025909424,"y":0.14325910806655885,"z":-2.4983744621276857},"rotation":{"x":-0.00038589024916291237,"y":-0.9982656836509705,"z":0.05846525356173515,"w":-0.0065901619382202629},"size":2.020646810531616,"orthographic":false}