{"cameraMode":{"drawMode":0,"name":"Shaded","section":"Shading Mode"},"sceneLighting":true,"audioPlay":false,"sceneViewState":{"m_AlwaysRefresh":false,"showFog":true,"showSkybox":true,"showFlares":true,"showImageEffects":true,"showParticleSystems":true,"showVisualEffectGraphs":true,"m_FxEnabled":false},"in2DMode":false,"pivot":{"x":-11.684040069580079,"y":1.9281498193740845,"z":-4.5482048988342289},"rotation":{"x":-0.1940031349658966,"y":-0.025897707790136339,"z":0.0051233600825071339,"w":-0.9806472063064575},"size":2.099999189376831,"orthographic":false}